key,name,x,y,z
3001,Building,0.15,0.25,0.15
3002,BigBuilding,0.25,0.25,0.25
3003,Road_Side,0.00106,0.001,0.00106
3004,Road_Side,0.000275,0.001,0.00106
